"ANO","NIVEL","CODMUNRES","POPRE_T","POPRC_T","POPRC_M","POPRC_F","POPRC_15","POPRC_15_49","POPRC_50","POPRC_F_15","POPRC_F_15_49","POPRC_F_50"
2016,"UF",14,514229,450479,228859,221620,148881,247365,54233,72987,122986,25647
2016,"MUNICIPIO",1400027,11285,9327,4992,4335,4025,4138,1164,1960,1887,488
2016,"MUNICIPIO",1400050,16053,16448,8676,7772,6998,7446,2004,3406,3514,852
2016,"MUNICIPIO",1400100,326419,284313,140801,143512,85021,165993,33299,42021,84616,16875
2016,"MUNICIPIO",1400159,11843,10943,5879,5064,4607,4958,1378,2184,2277,603
2016,"MUNICIPIO",1400175,16516,13902,7538,6364,5287,6418,2197,2553,2945,866
2016,"MUNICIPIO",1400209,20537,18398,9732,8666,6716,9296,2386,3236,4451,979
2016,"MUNICIPIO",1400233,9331,8114,4309,3805,2792,4232,1090,1359,1993,453
2016,"MUNICIPIO",1400282,10592,8696,4600,4096,3036,4474,1186,1456,2166,474
2016,"MUNICIPIO",1400308,16618,14792,7865,6927,4963,7650,2179,2428,3579,920
2016,"MUNICIPIO",1400407,10339,8940,4678,4262,4282,3808,850,2062,1810,390
2016,"MUNICIPIO",1400456,12144,10433,5408,5025,4446,4895,1092,2157,2393,475
2016,"MUNICIPIO",1400472,27756,24279,12923,11356,8205,13068,3006,4012,6138,1206
2016,"MUNICIPIO",1400506,7629,6769,3551,3218,2279,3643,847,1114,1745,359
2016,"MUNICIPIO",1400605,7503,6750,3568,3182,1931,3877,942,931,1834,417
2016,"MUNICIPIO",1400704,9664,8375,4339,4036,4293,3469,613,2108,1638,290
