"ANO","NIVEL","CODMUNRES","TN","TNRC","TNRCR","TGI_15","TGI_15_19","TGI_20_24","TGI_25_29","TGI_30_34","TGI_35_39","TGI_40_44","TGI_45_49","TGI_50","TGIF","IM_P25","IM_P50","IM_P75","IM_MD","IM_DP","EM_S","EM_FI","EM_FII","EM_M","EM_SI","EM_SC","TGRC_B","TGRC_PT","TGRC_A","TGRC_PD","TGRC_I","TGSC","TGCC","TGPRI","TGNPRI","TGU","TGG","TGD_22","TGD_22_27","TGD_28_31","TGD_32_36","TGD_37_41","TGD_42","TGD_PRT","TGD_AT","TGD_PST","DG_P25","DG_P50","DG_P75","DG_MD","DG_DP","TKC_NR","TKC_ID","TKC_IT","TKC_AD","TKC_MAD","TGPRG_S","TGPRG_N","TPV","TPC","TRAP_C","TRAP_P","TRAP_T","TGROB_1","TGROB_2","TGROB_3","TGROB_4","TGROB_5","TGROB_6","TGROB_7","TGROB_8","TGROB_9","TGROB_10","TNLOC_H","TNLOC_ES","TNLOC_D","TNLOC_O","TNLOC_AI","TRS_M","TRS_F","TRRC_B","TRRC_PT","TRRC_A","TRRC_PD","TRRC_I","TRP_BP","TRP_N","TRP_M","PESO_P25","PESO_P50","PESO_P75","PESO_MD","PESO_DP","TRPIG_P","TRPIG_A","TRPIG_G","TRAPG5_B","TRAPG5_N","APG5_MD","APG5_DP","TRAC","TRSAC"
2016,"UF",140000,11376,0,9797,235,2576,3083,2441,1831,952,232,19,2,11134,20,24,30,25.0375516665201,6.78938696234035,580,673,2592,5398,720,1144,787,291,35,7487,2758,4931,6394,3531,7845,11174,199,16,71,140,1371,9395,369,1598,9395,369,38,39,40,38.4016898433374,2.49097813285429,82,3753,1450,1085,4482,2708,8668,7118,4258,11109,225,33,1715,1231,3544,1086,1918,64,114,194,33,1458,10074,40,562,95,604,5906,5470,787,291,35,7490,2758,1008,9714,651,2900,3215,3530,3185.80427327882,566.30431783654,1011,8601,1460,190,10026,9.54688723570869,1.29230339624589,72,11269
2016,"MUNICIPIO",140002,331,0,152,11,95,68,62,56,28,9,0,0,318,19,23,30,24.5501519756839,7.09504776028572,113,14,44,97,7,1,2,2,0,61,266,172,159,71,260,329,2,1,2,0,35,283,8,38,283,8,38,40,40,38.9240121580547,2.43018386333377,9,129,70,27,50,170,161,297,34,328,3,0,48,9,190,23,20,0,2,2,0,35,166,2,12,14,137,184,147,2,2,0,61,266,35,284,11,2736,3000,3406,3034.23636363636,525.664545579344,71,224,29,10,165,9.22285714285714,2.17127084380915,2,328
2016,"MUNICIPIO",140005,620,0,187,24,176,157,99,85,49,25,3,0,594,18,23,30,24.4741100323625,7.70022687582976,268,14,63,102,10,12,10,5,0,106,498,308,307,172,448,608,12,0,2,5,25,579,7,32,579,7,39.25,40,40,39.3932038834951,1.7802497668221,38,268,62,28,89,202,418,557,63,608,10,0,135,25,345,25,38,0,9,12,0,27,205,4,15,21,374,337,283,10,5,0,106,498,108,490,21,2500,2900,3280,2917.43618739903,581.655908454867,231,335,37,15,200,9.02790697674419,2.36981855662121,3,612
2016,"MUNICIPIO",140010,6749,0,6565,75,1340,1849,1563,1189,593,130,10,0,6674,20,25,30,25.528374574011,6.59070828701456,25,193,1320,3649,605,956,618,205,24,5489,412,2944,3805,2293,4456,6617,132,12,48,79,859,5561,189,998,5561,189,38,39,40,38.260966212211,2.5208611909933,18,1830,781,636,3319,23,6726,3705,3044,6587,143,19,955,958,1570,774,1334,42,69,130,19,897,6684,1,44,20,0,3472,3277,618,205,24,5489,412,560,5792,397,2934,3250,3562,3215.4291006075,568.615274476692,398,5279,906,103,6633,9.59233966745843,1.15216234052419,45,6698
2016,"MUNICIPIO",140015,365,0,279,11,109,86,63,48,39,8,1,0,354,18,23,30,24.6246575342466,7.36556774036391,13,53,128,159,7,4,8,5,0,141,211,153,210,84,281,363,2,0,1,3,52,294,15,56,294,15,38,39,40,38.4109589041096,2.26436571691828,3,177,56,48,55,273,92,278,87,358,4,3,55,17,152,33,45,1,3,2,3,54,296,0,67,2,0,190,175,8,5,0,141,211,23,309,32,2909.5,3205,3588.5,3220.19230769231,532.613661839547,26,279,52,4,298,9.65894039735099,1.21981271495203,0,364
2016,"MUNICIPIO",140017,315,0,285,8,71,93,76,33,25,9,0,0,307,19.5,23,28,24.4730158730159,6.67882876067331,7,35,98,161,8,6,8,1,2,177,127,134,181,73,242,313,2,0,1,3,43,253,15,47,253,15,38,39,40,38.384126984127,2.26333320155825,1,158,52,25,63,297,18,243,72,310,5,0,37,21,129,25,49,2,3,2,0,47,295,0,19,1,0,157,158,8,1,2,177,127,27,278,10,2882,3174,3488,3159.3746031746,479.949718029945,29,248,35,8,293,9.53820598006645,1.65006124252934,2,312
2016,"MUNICIPIO",140020,381,0,310,20,105,95,82,44,29,6,0,0,361,18,23,29,23.9055118110236,6.89175678947356,39,9,123,149,10,27,32,13,2,269,63,172,208,111,270,377,3,0,3,6,38,322,11,47,322,11,38,39,40,38.6763157894737,2.39237290826574,1,154,49,33,124,318,63,255,126,373,6,0,62,35,133,43,52,3,3,3,0,44,317,0,6,9,49,189,192,32,13,2,270,63,27,322,32,2910,3270,3534,3225.19947506562,558.311384632492,41,277,57,7,314,9.51713395638629,1.2749457871316,3,378
2016,"MUNICIPIO",140023,145,0,134,2,38,43,30,24,7,1,0,0,143,19,23,29,24.2137931034483,6.15786106319095,1,14,47,62,4,16,16,4,0,107,16,38,101,53,92,141,4,0,1,1,21,118,4,23,118,4,38,39,40,38.5241379310345,2.23942812212767,0,39,11,24,66,131,14,71,74,141,4,0,36,9,37,5,30,3,1,4,0,20,140,0,1,4,0,82,63,16,4,0,107,16,8,128,9,2955,3250,3600,3247.06206896552,511.035512202235,6,112,21,1,140,9.4822695035461,0.98996996259939,0,145
2016,"MUNICIPIO",140028,138,0,96,10,31,36,28,16,12,2,1,1,126,19,23,29,24.3138686131387,7.66653521022824,22,8,42,41,2,10,6,7,1,87,34,63,75,47,91,134,4,0,0,1,14,118,3,15,118,3,38,39,40,38.7205882352941,2.10709973210709,1,43,16,20,44,104,34,105,33,131,4,1,30,11,45,12,18,2,1,4,1,12,102,2,2,2,30,80,58,6,7,1,89,34,18,108,12,2700,3100,3506,3121.08695652174,637.339365515676,28,87,17,1,102,9.61165048543689,1.10465157055435,2,135
2016,"MUNICIPIO",140030,308,0,274,10,86,91,53,45,20,3,0,0,298,19,23,29,23.9772727272727,6.50653415226288,12,14,106,144,10,17,19,9,0,245,34,148,156,87,221,302,6,0,2,5,31,260,10,38,260,10,38,39,40,38.5909090909091,2.5076135179143,0,103,26,23,143,280,28,207,101,301,1,6,43,27,100,37,54,0,1,4,6,36,289,0,4,2,13,156,152,19,9,0,245,34,30,252,26,2888.75,3238,3598.5,3218.80519480519,585.622173423701,28,225,45,3,286,9.61245674740484,1.1404725441635,0,303
2016,"MUNICIPIO",140040,428,0,290,11,99,120,75,75,34,12,2,0,417,19,24,30,25.0093457943925,7.2269925036834,12,80,115,193,9,13,2,1,0,65,356,215,203,85,343,415,12,1,2,12,65,318,25,80,318,25,37,39,40,38.113475177305,2.86941429013975,2,205,90,37,70,232,196,364,64,413,11,2,41,12,217,21,35,1,7,11,2,76,328,0,96,3,1,221,207,2,1,0,65,356,33,370,25,2980.5,3230,3500,3231.67757009346,519.783109840615,27,299,79,10,318,9.46036585365854,1.7004089776962,5,410
2016,"MUNICIPIO",140045,357,0,300,10,98,94,62,49,30,11,2,1,346,19,23,30,24.6750700280112,7.45705083044087,12,34,113,162,12,24,9,6,3,99,239,172,181,101,256,349,8,0,3,3,46,289,16,52,289,16,37,39,40,38.3389355742297,2.46776339367979,6,158,65,53,70,224,133,276,81,352,5,0,68,18,143,20,51,1,2,8,0,46,305,0,48,4,0,183,174,9,6,3,99,239,31,304,22,2892,3150,3480,3158.28291316527,535.227312902549,27,272,46,5,304,9.52750809061489,1.2574662491014,3,354
2016,"MUNICIPIO",140047,542,0,508,12,159,155,110,65,37,4,0,0,530,18,23,28,23.7250922509225,6.25491137827461,0,47,181,254,16,36,32,23,3,480,3,145,386,182,360,538,4,2,3,13,61,428,35,79,428,35,38,39,40,38.3173431734317,2.84257861580029,0,173,66,57,230,77,465,196,346,528,12,1,108,50,150,26,115,4,6,4,1,77,537,1,4,0,0,288,254,32,23,3,480,3,48,462,32,2960,3250,3580,3225.09963099631,592.261420991346,36,406,78,7,532,9.47124304267161,1.00399227914489,6,535
2016,"MUNICIPIO",140050,104,0,96,2,26,25,22,20,7,2,0,0,102,19,24,30,24.8461538461538,6.88288891532921,0,5,32,47,5,14,13,6,0,79,5,34,68,42,62,100,4,0,2,0,9,89,4,11,89,4,38,39,39,38.3269230769231,2.56353180105031,0,27,11,20,43,93,11,47,57,100,4,0,19,15,31,9,17,1,1,4,0,7,102,0,1,1,0,58,46,13,6,0,79,5,10,93,1,2935,3165,3393.75,3102.77884615385,566.342240293273,5,88,5,0,103,9.48543689320388,0.608180792100876,0,103
2016,"MUNICIPIO",140060,83,0,75,3,16,29,16,12,6,1,0,0,80,20,23,29,24.3373493975904,6.45297645151054,0,5,20,51,3,3,11,4,0,63,4,27,55,26,57,82,1,0,0,4,8,68,3,12,68,3,38,39,40,38.3373493975904,2.46575130010987,0,18,12,8,43,74,9,46,37,81,2,0,12,8,30,4,16,1,0,1,0,11,79,0,3,1,0,45,38,11,4,0,63,4,10,68,5,2965,3300,3620,3207.43373493976,622.421122297614,8,63,11,0,79,9.48101265822785,0.765619566332089,0,83
2016,"MUNICIPIO",140070,509,0,246,26,127,142,100,69,36,9,0,0,483,19,23,28,23.9037328094303,6.76638910141707,56,148,160,127,12,5,1,0,0,19,489,205,299,104,405,505,3,0,1,5,64,414,24,70,414,24,38,39,40,38.6850393700787,2.29294703664201,3,271,82,46,73,209,300,470,39,497,11,1,66,16,271,29,44,3,6,3,1,69,228,30,240,11,0,263,246,1,0,0,19,489,40,453,16,2882,3100,3400,3110.9626719057,513.797775506747,50,406,42,16,258,9.21897810218978,2.33217761582457,1,508
